{
  "DataVersion": 0,
  "Entities": [
    {
    "id": "{10000000-0000-0000-0000-000000000000}",
    "type": "Image",
    "lastEdited": 1000000000000000,
	"parentID": "{00000000-0000-0000-0000-000000000000}",
    "name": "Name_Here",
    "userData": "UserData_here",
    "href": "URL_here",
    "description": "Description_here",
    "position": {
        "x": 0.0000000000000000,
        "y": 0.0000000000000000,
        "z": 0.0000000000000000
    },
    "dimensions": {
        "x": 1.600000000000000,
        "y": 0.9000000000000000,
        "z": 0.010000000000000000
    },
    "rotation": {
        "x": -0.0000000000000000,
        "y": -0.0000000000000000,
        "z": -0.0000000000000000,
        "w": 1
    },
    "created": 1000000000000000,
    "lastEditedBy": "{00000000-0000-0000-0000-000000000000}",
    "queryAACube": {
        "x": 1.000000000000000,
        "y": 1.000000000000000,
        "z": 1.000000000000000,
        "scale": 1.000000000000000
    },
    "ignorePickIntersection": false,
    "grab": {
		"grabbable": false,
        "triggerable": false,
        "equippableLeftRotation": {
            "x": -0.0000152587890625,
            "y": -0.0000152587890625,
            "z": -0.0000152587890625,
            "w": 1
        },
        "equippableRightRotation": {
            "x": -0.0000152587890625,
            "y": -0.0000152587890625,
            "z": -0.0000152587890625,
            "w": 1
        }
    },
    "damping": 0,
    "angularDamping": 0,
    "dynamic": false,
    "collisionsWillMove": false,
    "collisionSoundURL": "URL_here",
    "cloneable": false,
    "cloneDynamic": false,
    "cloneAvatarEntity": false,
    "script": "Script_URL",
    "serverScripts": "Script_URL",
    "imageURL": "Image_URL",
    "emissive": false,
    "textures": {
        "tex.picture": "URL_here"
    },
    "clientOnly": false,
    "avatarEntity": false,
    "localEntity": false,
    "faceCamera": false,
    "isFacingAvatar": false
}
    ],
  "Id": "{10000000-0000-0000-0000-000000000000}",
  "Version": 1
}
