{
  "DataVersion": 58,
  "Entities": [
    {
    "id": "{23d4c213-1060-4353-8836-0a9ebf53cab1}",
    "type": "Box",
    "lastEdited": 1725472341129606,
    "name": "Name_Here",
    "href": "URL_here",
    "description": "Description_here",
    "position": {
        "x": 0.4387958347797394,
        "y": 1.1190680265426636,
        "z": 2.222789764404297
    },
    "dimensions": {
        "x": 0.20000000298023224,
        "y": 0.20000000298023224,
        "z": 0.20000000298023224
    },
    "rotation": {
        "x": -0.0000152587890625,
        "y": -0.0000152587890625,
        "z": -0.0000152587890625,
        "w": 1
    },
    "created": 1725472341966424,
    "lastEditedBy": "{ab533f37-1da3-41b7-8b59-9d0cb97ba997}",
    "queryAACube": {
        "x": 0.26559075713157654,
        "y": 0.9458629488945007,
        "z": 2.0495846271514893,
        "scale": 0.3464101552963257
    },
    "grab": {
        "grabbable": false,
        "grabFollowsController": false,
        "equippableLeftRotation": {
            "x": -0.0000152587890625,
            "y": -0.0000152587890625,
            "z": -0.0000152587890625,
            "w": 1
        },
        "equippableRightRotation": {
            "x": -0.0000152587890625,
            "y": -0.0000152587890625,
            "z": -0.0000152587890625,
            "w": 1
        }
    },
    "damping": 0,
    "angularDamping": 0,
    "collisionless": true,
    "ignoreForCollisions": true,
    "collisionSoundURL": "URL_Here",
    "script": "URL_Here",
    "serverScripts": "URL_Here",
    "color": {
        "red": 0,
        "green": 255,
        "blue": 0
    },
    "shape": "Cube",
    "clientOnly": false,
    "avatarEntity": false,
    "localEntity": false,
    "faceCamera": false,
    "isFacingAvatar": false
},
    {
    "id": "{3a6d6571-f0d4-4c84-a571-43a5aabdb8d1}",
    "type": "Text",
    "lastEdited": 1725472366756042,
    "name": "Name_here",
    "href": "URL_here",
    "position": {
        "x": 0.43212956190109253,
        "y": 1.1190680265426636,
        "z": 2.185507297515869
    },
    "dimensions": {
        "x": 0.6499999761581421,
        "y": 0.30000001192092896,
        "z": 0.009999999776482582
    },
    "rotation": {
        "x": -0.0000152587890625,
        "y": -0.0000152587890625,
        "z": -0.0000152587890625,
        "w": 1
    },
    "created": 1725472367590629,
    "lastEditedBy": "{ab533f37-1da3-41b7-8b59-9d0cb97ba997}",
    "queryAACube": {
        "x": 0.07414913177490234,
        "y": 0.7610875964164734,
        "z": 1.8275268077850342,
        "scale": 0.7159608602523804
    },
    "grab": {
        "equippableLeftRotation": {
            "x": -0.0000152587890625,
            "y": -0.0000152587890625,
            "z": -0.0000152587890625,
            "w": 1
        },
        "equippableRightRotation": {
            "x": -0.0000152587890625,
            "y": -0.0000152587890625,
            "z": -0.0000152587890625,
            "w": 1
        }
    },
    "damping": 0,
    "angularDamping": 0,
    "collisionSoundURL": "URL_here",
    "script": "URL_here",
    "serverScripts": "URL_here",
    "text": "Text",
    "lineHeight": 0.05999999865889549,
    "unlit": true,
    "textEffect": "outline fill",
    "clientOnly": false,
    "avatarEntity": false,
    "localEntity": false,
    "faceCamera": false,
    "isFacingAvatar": false
},
    {
    "id": "{2eddda4b-ee19-46b3-ba72-09077cfd3ddd}",
    "type": "Model",
    "lastEdited": 1725472349153729,
    "name": "Name_Here",
    "href": "URL_here",
    "description": "Description_here",
    "position": {
        "x": 0.523317277431488,
        "y": 1.1190680265426636,
        "z": 2.695493221282959
    },
    "dimensions": {
        "x": 1,
        "y": 1,
        "z": 1
    },
    "rotation": {
        "x": -0.0000152587890625,
        "y": -0.0000152587890625,
        "z": -0.0000152587890625,
        "w": 1
    },
    "created": 1725472349988806,
    "lastEditedBy": "{ab533f37-1da3-41b7-8b59-9d0cb97ba997}",
    "queryAACube": {
        "x": -0.34270811080932617,
        "y": 0.25304263830184937,
        "z": 1.8294677734375,
        "scale": 1.7320507764816284
    },
    "grab": {
        "grabbable": false,
        "equippableLeftRotation": {
            "x": -0.0000152587890625,
            "y": -0.0000152587890625,
            "z": -0.0000152587890625,
            "w": 1
        },
        "equippableRightRotation": {
            "x": -0.0000152587890625,
            "y": -0.0000152587890625,
            "z": -0.0000152587890625,
            "w": 1
        }
    },
    "damping": 0,
    "angularDamping": 0,
    "collisionless": true,
    "ignoreForCollisions": true,
    "collisionSoundURL": "URL_here",
    "cloneLifetime": 299,
    "script": "URL_here",
    "serverScripts": "URL_here",
    "shapeType": "static-mesh",
    "compoundShapeURL": "URL_here",
    "textures": "URL_here",
    "modelURL": "URL_here",
    "blendshapeCoefficients": "{\n}\n",
    "useOriginalPivot": true,
    "animation": {
        "url": "URL_here",
        "fps": 60,
        "currentFrame": 1,
        "running": true,
        "firstFrame": 1,
        "lastFrame": 360,
        "hold": true
    },
    "clientOnly": false,
    "avatarEntity": false,
    "localEntity": false,
    "faceCamera": false,
    "isFacingAvatar": false
},
    {
    "id": "{c20f7d2d-5aff-443c-a971-3eed2d649795}",
    "type": "Zone",
    "lastEdited": 1725472354822566,
    "name": "Name_Here",
    "userData": "{\n    \"environment\": {\n        \"environmentTexture\": \"URL_Here\"\n    },\n    \"renderingPipeline\": {\n        \"fxaaEnabled\": true,\n        \"glowLayer\": {\n            \"blurKernelSize\": 16,\n            \"intensity\": 1.5\n        },\n        \"glowLayerEnabled\": true\n    }\n}\n",
    "href": "URL_Here",
    "description": "Description_here",
    "position": {
        "x": 90.53975677490234,
        "y": 1.1190680265426636,
        "z": 506.1310119628906
    },
    "dimensions": {
        "x": 1024,
        "y": 256,
        "z": 1024
    },
    "rotation": {
        "x": -0.0000152587890625,
        "y": -0.0000152587890625,
        "z": -0.0000152587890625,
        "w": 1
    },
    "created": 1725472355659424,
    "lastEditedBy": "{ab533f37-1da3-41b7-8b59-9d0cb97ba997}",
    "queryAACube": {
        "x": -644.7642822265625,
        "y": -734.1849365234375,
        "z": -229.17300415039062,
        "scale": 1470.6080322265625
    },
    "grab": {
        "grabbable": false,
        "equippableLeftRotation": {
            "x": -0.0000152587890625,
            "y": -0.0000152587890625,
            "z": -0.0000152587890625,
            "w": 1
        },
        "equippableRightRotation": {
            "x": -0.0000152587890625,
            "y": -0.0000152587890625,
            "z": -0.0000152587890625,
            "w": 1
        }
    },
    "gravity": {
        "x": 0,
        "y": -1,
        "z": 0
    },
    "script": "URL_Here",
    "serverScripts": "URL_Here",
    "shapeType": "box",
    "compoundShapeURL": "URL_Here",
    "keyLight": {
        "direction": {
            "x": 0.5,
            "y": -0.7099999785423279,
            "z": 0.5
        },
        "castShadows": true,
        "shadowBias": 0.05000000074505806,
        "shadowMaxDistance": 50
    },
    "ambientLight": {
        "ambientIntensity": 1,
        "ambientURL": "URL_Here"
    },
    "skybox": {
        "color": {
            "red": 255,
            "green": 255,
            "blue": 255
        },
        "url": "URL_Here"
    },
    "haze": {
        "hazeRange": 3500,
        "hazeColor": {
            "red": 255,
            "green": 255,
            "blue": 255
        },